,precision,recall,f1-score,support
0,0.8943089430894309,0.9969788519637462,0.9428571428571428,331.0
1,0.8333333333333334,0.11363636363636363,0.2,44.0
accuracy,0.8933333333333333,0.8933333333333333,0.8933333333333333,0.8933333333333333
macro avg,0.8638211382113821,0.555307607800055,0.5714285714285714,375.0
weighted avg,0.8871544715447155,0.8933333333333333,0.8556952380952382,375.0
